GIS_ID,FACILITY,NAME,TYPE,SHAPE_Area,FEAT_ID,OBJECTID,GLOBALID,SHAPE_Length
99066,0,PARKWAY POND,LAKE,1146761.94138031,1,1,{8C27247A-A77C-4D2D-9E14-CEF5A60AF922},7799.3395882229
99068,0,POND 10B,LAKE,478556.692244898,2,2,{309827FD-A7D2-491E-981B-41130A176A8B},3518.33966864542
99069,0,POND 10C,LAKE,136270.464947573,3,3,{B26ADBE9-CD53-4F5A-A037-140405513312},1527.74432011658
99067,0,POND 10A,LAKE,371685.299105586,4,4,{12C4C2B0-3DAF-4C19-BFB8-59EAEABF46A8},2887.75280986423
92612,9261,HELMSLEY POND,PERCOLATION POND,48649.0687367516,5,5,{E9F7258A-2B8E-4F6C-B9FE-39DBF66D050E},913.180476512337
92340,9234,OVERFELT PONDS,PERCOLATION POND,41495.9017276984,6,6,{33992A7D-89A8-4B52-BD8E-E435EFB3689A},904.031142254284
92340,9234,OVERFELT PONDS,PERCOLATION POND,61073.7637176599,7,7,{3E87DCFC-5108-4209-BB09-848F1E1D23E8},1313.68169796057
92340,9234,OVERFELT PONDS,PERCOLATION POND,28883.7626058773,8,8,{9C02F1CD-0BBD-4B54-AA89-263BB8C4CAFC},631.170344710065
92700,9270,MCCLELLAN PONDS,PERCOLATION POND,112360.42130981,9,9,{023E2EC0-F8FB-462C-A3BC-867E16A1E676},1936.88173792688
92700,9270,MCCLELLAN PONDS,PERCOLATION POND,8902.79012147378,10,10,{06192B09-AB39-497B-857D-0F67F069B5AA},391.129403560431
92971,9297,MADRONE PONDS,PERCOLATION POND,49680.5036028849,11,11,{3696FE09-E8FE-477E-BF14-13836DDDE14A},3800.84187254466
92971,9297,MADRONE PONDS,PERCOLATION POND,34810.1684114327,12,12,{503BFBE0-A210-43A5-97EC-E7CE64882909},3848.70548430788
92971,9297,MADRONE PONDS,PERCOLATION POND,35695.3837164608,13,13,{13A27DF8-3FD0-4BAB-A6FA-9F63C126181A},3177.53295737315
92971,9297,MADRONE PONDS,PERCOLATION POND,22759.7935451894,14,14,{E8ADAE7F-5A09-46BD-B3C0-BD2B2B6C5E1B},1991.84668454743
92971,9297,MADRONE PONDS,PERCOLATION POND,21495.2409202648,15,15,{A589CE12-7B4B-44E5-82BC-1071855ADD7D},1436.68361914853
92971,9297,MADRONE PONDS,PERCOLATION POND,37330.2679695192,16,16,{0BD92443-37D8-4CE0-9D85-8EEC6C1571A9},3727.6539768341
92971,9297,MADRONE PONDS,PERCOLATION POND,26152.7717140095,17,17,{B54C7FBD-339B-457C-9C70-A4D7F1E01E3C},2713.24795297707
92971,9297,MADRONE PONDS,PERCOLATION POND,25572.7686899815,18,18,{55E994BA-D028-454F-88F2-73E762FF284A},1272.74931764655
92971,9297,MADRONE PONDS,PERCOLATION POND,100724.831129595,19,19,{D5CAF729-A45E-44BB-B54F-769B672C7EBA},6892.01423049327
92561,9256,MAIN AVENUE PONDS,PERCOLATION POND,71523.3857168187,20,20,{1DC446A0-191A-4607-AC77-C7ABF9F26233},1076.56754598723
92561,9256,MAIN AVENUE PONDS,PERCOLATION POND,68605.1917451938,21,21,{55D263D4-9130-4164-9251-59B739B22C89},1072.71860072047
92561,9256,MAIN AVENUE PONDS,PERCOLATION POND,63772.0566586604,22,22,{55610C23-D6D7-4F75-A88B-E0DB37F4240A},1055.58254027615
92561,9256,MAIN AVENUE PONDS,PERCOLATION POND,19345.6549574006,23,23,{EF2A6EB9-CC1A-4804-BFB2-C43AB181667C},1206.35106642263
92561,9256,MAIN AVENUE PONDS,PERCOLATION POND,37148.4777352099,24,24,{E617AA41-4EA8-423B-A5D4-1024D3196874},731.3494701808
92680,9268,LOS CAPITANCILLOS PONDS,PERCOLATION POND,80230.1128619209,25,25,{F00D41B6-DDFE-41C5-B7C8-CFFFB840AFDC},2815.36288049101
92680,9268,LOS CAPITANCILLOS PONDS,PERCOLATION POND,137771.307082264,26,26,{2857EC28-569D-41FA-A5E2-859271EE5E39},1510.7969322822
92680,9268,LOS CAPITANCILLOS PONDS,PERCOLATION POND,77020.576440821,27,27,{8FCDEEF2-070B-4CB6-BC8D-48E19F1A716B},1443.5240432053
92680,9268,LOS CAPITANCILLOS PONDS,PERCOLATION POND,190938.914869767,28,28,{0B6FB982-0055-48BE-B6EF-8705C2C52339},1971.22822427916
92680,9268,LOS CAPITANCILLOS PONDS,PERCOLATION POND,289909.994159166,29,29,{90D6ACE9-4898-4002-9E29-B1E00ED03503},2342.69669452172
92680,9268,LOS CAPITANCILLOS PONDS,PERCOLATION POND,158189.908951467,30,30,{B05CBA9A-D74D-4CE5-B83D-6CA16E0127FA},1807.92977466798
92680,9268,LOS CAPITANCILLOS PONDS,PERCOLATION POND,150007.322153711,31,31,{EF93C393-3C57-40DE-8594-27792681A0D9},1847.83225169909
92680,9268,LOS CAPITANCILLOS PONDS,PERCOLATION POND,182464.006694283,32,32,{58BB1985-43EA-47BD-922E-7AA88C93CF6F},1912.9533867877
92680,9268,LOS CAPITANCILLOS PONDS,PERCOLATION POND,68795.1014539179,33,33,{24E278BC-63AA-4E1D-B193-6CC0CCEF1A0C},1365.06400993807
92680,9268,LOS CAPITANCILLOS PONDS,PERCOLATION POND,93125.0343400227,34,34,{72CD668D-E9CD-457C-A383-3209CA6A8BB7},1336.26983448312
92680,9268,LOS CAPITANCILLOS PONDS,PERCOLATION POND,110980.57903611,35,35,{5F62AC75-E3A3-493F-AF67-3F2D12D09961},1670.05049135186
92670,9267,KOOSER PONDS,PERCOLATION POND,9491.28508008911,36,36,{48A976CF-695B-45A3-950C-F4FBF68569D5},526.380490131556
92670,9267,KOOSER PONDS,PERCOLATION POND,15044.8294358054,37,37,{BB874B81-DE3B-4C5C-8A97-DE473A467531},623.453426491589
92670,9267,KOOSER PONDS,PERCOLATION POND,14763.6673828713,38,38,{477975FD-1889-4D92-A621-D5D9871FA22C},624.380919875837
92670,9267,KOOSER PONDS,PERCOLATION POND,15244.0813140597,39,39,{DF013A05-71E4-4422-89DE-2AAE7C7DC557},645.809776983897
92520,9252,GUADALUPE PONDS,PERCOLATION POND,276634.583531152,40,40,{33C560A2-0AEB-4D16-BBF0-13322FE8642B},2537.32802698254
92520,9252,GUADALUPE PONDS,PERCOLATION POND,648776.631011462,41,41,{4C7F37B7-691B-4EEE-B4D8-823C91E29A43},4934.21338575387
99032,0,A1,SALT POND,11935506.4476371,42,42,{D1D22706-0C63-41EC-81BC-6EB8CCC57BC9},20380.792241762
99041,0,A18,SALT POND,35750065.5729727,43,43,{FC11C903-03DC-431D-A28C-343BA8F453B9},29228.0014934499
99035,0,A12,SALT POND,13540227.5294532,44,44,{D71C4CFE-4E4F-4D9A-817F-950D469A25B7},15205.3383896392
99036,0,A13,SALT POND,11790529.5643889,45,45,{BD620B07-2813-415E-A049-08F54265A6A2},15007.3483999054
99038,0,A15,SALT POND,10885244.9927933,46,46,{A5676B16-264B-41EA-BD1F-6970A78AAE00},19213.0771090508
99049,0,A8,SALT POND,17593406.2417372,47,47,{0B7E45F1-A4BF-49CC-BC81-1B8D059CE557},27060.2022185886
99051,0,A9,SALT POND,15943255.6206995,48,48,{A2BC4EA9-33B3-430B-9257-C907BFA36AED},16289.9423174359
99046,0,A4,SALT POND,11188975.9640573,49,49,{167A2965-02B4-4457-A5E3-8B2FACAF41F4},25003.3583990067
99045,0,A3W,SALT POND,24531879.9063979,50,50,{81642FA2-0378-43E9-A396-963BD9F01721},22323.4643259455
99044,0,A3N,SALT POND,7003231.97619895,51,51,{4E2E6A04-A450-489C-8203-FC9ECB314CDD},14363.6507768541
99043,0,A2W,SALT POND,18796173.0544103,52,52,{0F5C380C-3ED5-4751-8024-FC6F2D4C30B6},22081.2863683721
99042,0,A2E,SALT POND,13615585.5489512,53,53,{7D1DF8F3-AB1B-46E2-8342-3FDA3BBAEE91},20210.4157992718
99037,0,A14,SALT POND,14891506.9503181,54,54,{0D5D37E7-87C1-47CE-AD41-9D3C6420ACF4},17735.5808330597
99034,0,A11,SALT POND,11515819.5835858,55,55,{1072B62A-F985-4965-8458-217557852575},13510.6681817734
99033,0,A10,SALT POND,10925825.4657154,56,56,{925B01F9-6038-4766-B8C9-47646DB7B3F7},16021.4675158794
99050,0,A8S,SALT POND,7718118.26189584,57,57,{B740F41E-1BB9-4EE5-A2A3-212B3325D3E7},15777.6971711373
99047,0,A5,SALT POND,26871944.9782678,65,58,{625BDBE4-7859-4D39-A00F-4C44CA2DCB36},36601.2121659784
99048,0,A7,SALT POND,11097927.034681,66,59,{DBBBD592-11B2-435D-B7F8-026D6B849EC9},19610.2493524684
99039,0,A16,SALT POND,10478632.750638,67,60,{6367B709-059D-48DC-B537-36D055C182A6},21524.4997512659
99040,0,A17,SALT POND,5672335.76248247,68,61,{78CA487E-0B9A-417D-ABFB-E5448CFAB864},12940.7399611121
99056,0,A6,SALT POND,15642024.2761175,69,62,{7BD5FCCC-BCC9-4DD7-9F23-9F4B8A8CEA65},17818.5299485065
92520,9252,GUADALUPE PONDS,PERCOLATION POND,266137.621993991,70,63,{2755BA7A-6002-417F-B331-FB6E982B9D14},2520.78840246576
92520,9252,GUADALUPE PONDS,PERCOLATION POND,187616.077510485,71,64,{1766ECF9-4C41-41F1-9DC5-A6976812686B},2255.09999274215
92480,9248,COYOTE PERC POND,PERCOLATION POND,1602613.56594617,72,65,{C20055AB-BBD8-4BE8-9C2D-244E4BC0D535},12368.9370184265
92440,9244,CHURCH AVENUE PONDS,PERCOLATION POND,199200.275746556,73,66,{2633135C-02D1-4FE7-B0F5-A06F7EC5F527},2001.73107941314
92440,9244,CHURCH AVENUE PONDS,PERCOLATION POND,508864.479700839,74,67,{7249A174-6316-414C-9EB0-999F8C92F329},3743.53697453762
92570,9257,MCGLINCY PONDS,PERCOLATION POND,4540.18746620408,75,68,{5FEA1A47-B6AB-42D6-AE3C-DE0432EFB46A},425.091314608981
92570,9257,MCGLINCY PONDS,PERCOLATION POND,57218.5335047882,76,69,{9BBAC4D2-E349-4404-B1EB-A2BFB6B56DD8},1046.01531490215
92570,9257,MCGLINCY PONDS,PERCOLATION POND,18797.8764509243,77,70,{C12FA94C-FE1D-4439-9AD8-9B82BFD3C767},565.044329048672
92570,9257,MCGLINCY PONDS,PERCOLATION POND,75716.6862539494,78,71,{9E1A54E6-3279-40DD-8B46-04573CB91937},1207.50349144303
92570,9257,MCGLINCY PONDS,PERCOLATION POND,108670.95556023,79,72,{96EBA045-A0E5-4AE2-B842-67C857EBE22C},1306.33164892053
92570,9257,MCGLINCY PONDS,PERCOLATION POND,53577.6799892111,80,73,{80FDA978-1B84-44B8-8CAF-C28561988B14},1389.60210155856
92690,9269,SUNNYOAKS PONDS,PERCOLATION POND,6398.64925666446,81,74,{AC046B90-310C-4778-964E-2AC2B52F6CE1},369.285598166719
92690,9269,SUNNYOAKS PONDS,PERCOLATION POND,19377.7970395618,82,75,{27081D2D-F326-40BC-80C8-17747D71F4E2},630.796215715201
92690,9269,SUNNYOAKS PONDS,PERCOLATION POND,28640.7343126441,83,76,{238B71B8-0EEA-4E65-BAD1-253F25F9A5F4},730.102762754066
99059,0,SUNNYVALE WPCP WEST POND,SALT POND,12349886.2763541,102,77,{29675E6B-6D16-4F2C-907D-0AA6CCA6666C},15431.1117588
99058,0,SUNNYVALE WPCP EAST POND,SALT POND,4028757.04611961,103,78,{F84E60F8-8B58-463D-9E44-C9B0DDD71688},8854.22577734869
99031,0,A,SALT POND,1699439.966947,104,79,{DEB33481-382C-4A42-916D-99D8525DD592},17708.0500801325
99055,0,CRITTENDEN MARSH,SALT POND,6941603.76912922,105,80,{BC29B2D6-3032-47BB-A476-2D06950E54C4},19564.2758609833
99054,0,CHARLESTON SLOUGH,SALT POND,4527053.89663492,106,81,{7C62D9A9-7F51-4A77-8B5A-79AAF03603D3},13128.3859102454
99060,0,TRIANGLE MARSH,SALT POND,3330997.37548836,108,82,{05C8087B-1C5B-48F8-95E6-D74339387C88},22206.124759424
99057,0,NEW CHICAGO MARSH,SALT POND,555255.932505663,109,83,{FE4CFCF6-2D4D-42E7-A954-A88485C7F5B1},4475.47314424683
99057,0,NEW CHICAGO MARSH,SALT POND,153721.301068257,110,84,{2ABB6344-072F-4ED4-94F0-A0F9E408B739},1664.20143828136
99057,0,NEW CHICAGO MARSH,SALT POND,237698.975147942,111,85,{F1262424-D256-49C4-B83C-267E7EC47D10},13496.4641815525
99057,0,NEW CHICAGO MARSH,SALT POND,166340.705964699,112,86,{D28AD508-2C5A-44EE-B56B-F12FE423DF09},4375.66884280377
99057,0,NEW CHICAGO MARSH,SALT POND,504.548343845305,113,87,{4610575B-0A72-4739-975F-44503EEB46DA},131.873099639975
99057,0,NEW CHICAGO MARSH,SALT POND,5816866.19220023,114,88,{50BA2B99-3B67-464D-8396-9B8EF5078DA4},39187.7977426575
99057,0,NEW CHICAGO MARSH,SALT POND,6988.69653195959,115,89,{C08A4B71-1BBC-4A5F-9147-9B18A853F5B9},607.587766926693
99057,0,NEW CHICAGO MARSH,SALT POND,460.011895678367,116,90,{17825DDB-3DE7-4A8F-9109-5705EFCD5C04},134.562290121156
99057,0,NEW CHICAGO MARSH,SALT POND,7833.22200296589,117,91,{76D13BC4-E108-4513-AFD3-630806442994},500.095788763399
99057,0,NEW CHICAGO MARSH,SALT POND,757.357511697646,118,92,{7EE36D74-FD71-44C0-B2FA-486A40C414CC},126.965309865426
99057,0,NEW CHICAGO MARSH,SALT POND,4090.83193167442,119,93,{2E42DC79-CFA0-434B-995B-A9012E690628},434.714930173799
99057,0,NEW CHICAGO MARSH,SALT POND,24161.2310399052,120,94,{FBA1F660-66DE-4F25-92ED-A4FF2EA2A909},718.00749857186
99057,0,NEW CHICAGO MARSH,SALT POND,114354.58176893,121,95,{6632D3D8-CE67-4E89-919E-7BFE04328963},2214.64812797492
99057,0,NEW CHICAGO MARSH,SALT POND,369069.854583541,122,96,{E14E78C6-A382-49DF-9009-0BCDFB74F686},14789.5224038712
99057,0,NEW CHICAGO MARSH,SALT POND,8064216.76191836,123,97,{6C12E714-B060-4996-88B4-99DFCAFB04E3},39155.7931465784
99028,0,19,SALT POND,11726808.5261505,124,98,{24459452-EBEA-49EA-BFB5-39A7F917A98B},16538.784999037
99030,0,21,SALT POND,6594356.23273918,125,99,{5291BE82-8842-416F-8270-37005A133602},10887.0722758627
99029,0,20,SALT POND,2810530.28671405,126,100,{B07B608E-1F55-45B6-B6BD-EC7A09915B6B},7147.04770629573
99052,0,AB1,SALT POND,6148891.54571784,127,101,{8404DBD8-63B6-47DC-B7A1-1E125EEABC45},15088.4821028199
99053,0,AB2,SALT POND,7144236.35623983,128,102,{4DC45D9B-A9FF-4A1D-AC32-5719532E0A0D},21971.2429151627
92690,9269,SUNNYOAKS PONDS,PERCOLATION POND,29741.9459464105,129,103,{1289AF85-CFF4-43E1-A670-85AC0A79339C},747.722357425107
92600,9260,PAGE PONDS,PERCOLATION POND,67177.2614765693,130,104,{650600A7-FE29-404F-83F1-60C2967C7D79},1346.72038891239
92600,9260,PAGE PONDS,PERCOLATION POND,36079.4481858383,131,105,{7AE5837D-E5F3-492C-8E9B-ACEC149BD696},800.347683686473
92600,9260,PAGE PONDS,PERCOLATION POND,34726.9138497622,132,106,{A72729E2-90CB-4539-ABE9-79423A3C43CE},720.941856542516
92600,9260,PAGE PONDS,PERCOLATION POND,19959.6404481424,133,107,{BAFBE298-FDF8-4DE1-A74D-B85FBF22FD18},564.068426044282
92600,9260,PAGE PONDS,PERCOLATION POND,18254.3191330934,134,108,{174F9832-E581-43C8-8EB9-0C85BF91DE7F},584.972895980027
92600,9260,PAGE PONDS,PERCOLATION POND,31643.7759066607,135,109,{1CA6F582-B705-4AC1-BA52-E6EE6D4D3AFB},675.181894275685
92600,9260,PAGE PONDS,PERCOLATION POND,52590.2673069147,136,110,{331F7B1E-0CF1-4D3C-A282-8995B62AF747},872.985201335218
92600,9260,PAGE PONDS,PERCOLATION POND,45681.4611921633,137,111,{410513F3-3CF8-46F9-9C58-EDE9778FC7F5},1073.03083846843
92540,9254,OKA PONDS,PERCOLATION POND,52363.5843776149,138,112,{D0234ACA-BC85-415C-8115-DE572EFC9811},1296.45753265109
92540,9254,OKA PONDS,PERCOLATION POND,167770.006521951,139,113,{F79D9526-B853-41B4-A77F-95EA877CEB27},2461.51116284404
92531,9253,KIRK DITCH DESILTING BASIN,PERCOLATION POND,84195.36332422,140,114,{5F9C6D7F-334A-4559-ADE0-E4F04AAD9C2E},2405.23388800976
92540,9254,OKA PONDS,PERCOLATION POND,171161.529781893,141,115,{A1E86392-3D72-4745-ABCC-54B20ADAE0F2},2414.75838285082
92430,9243,CAMDEN PONDS,PERCOLATION POND,950820.557540204,142,116,{92000D0E-098A-436A-A562-AC57871AA146},4157.79492521522
92430,9243,CAMDEN PONDS,PERCOLATION POND,302824.98245376,143,117,{2D20793D-7204-44D6-A5E1-76C1F0F75D1F},2410.36494387544
92430,9243,CAMDEN PONDS,PERCOLATION POND,284746.249395916,144,118,{52E19229-6341-4E09-AF8E-AF62406F4A18},2216.59864751053
92650,9265,BUDD AVENUE PONDS,PERCOLATION POND,90670.2833656189,145,119,{1A7E45F1-09EA-4C03-B5B6-17139684205C},1175.00414674551
92650,9265,BUDD AVENUE PONDS,PERCOLATION POND,113089.089522921,146,120,{BC7896E8-CF91-4BBB-88A5-FDE9A720186D},1292.73710178602
92650,9265,BUDD AVENUE PONDS,PERCOLATION POND,111223.747871811,147,121,{59C70CCF-A10D-42C1-8F5F-0F7AA3BD5338},1278.37672863761
92740,9274,SAN PEDRO PONDS,PERCOLATION POND,84069.6814243214,148,122,{766945DA-3C5E-429E-8952-B920C2000434},1441.6980741957
92400,9240,ALAMITOS PONDS,PERCOLATION POND,419542.342280079,155,129,{32797D69-9DF6-4100-A0DC-2E20842668C2},3298.61886224154
92400,9240,ALAMITOS PONDS,PERCOLATION POND,88005.3375293955,156,130,{17B72862-F686-4171-B89E-A82914D4D76C},1356.44104096786
92610,9261,PENITENCIA (GROSS) PONDS,PERCOLATION POND,192777.890079861,157,131,{BEFEFD94-2EE6-45EE-8FBB-75B0B1B68765},1821.98001408964
92610,9261,PENITENCIA (GROSS) PONDS,PERCOLATION POND,159957.028724118,158,132,{87975E84-7ADF-4CE4-BA0F-ECDC6D4F86F6},1669.26805926924
92591,9259,PAGE DITCH DESILTING BASIN,PERCOLATION POND,73545.1287803074,159,133,{0109CED3-858B-4FB0-9685-35246289AC9A},1283.75131466471
92610,9261,PENITENCIA (GROSS) PONDS,PERCOLATION POND,18920.8513890501,160,134,{9616D00C-C526-4179-BB3F-21FD8F25716B},648.201566100628
92613,9261,PIEDMONT PONDS,PERCOLATION POND,2645.15695401884,161,135,{26FE66BD-0246-4FF0-87E7-086DC3DC791E},246.448240765221
92613,9261,PIEDMONT PONDS,PERCOLATION POND,5834.18972675894,162,136,{69DB7FBC-CE9D-4930-8127-419963789349},591.098383859571
92613,9261,PIEDMONT PONDS,PERCOLATION POND,8198.27944542614,163,137,{A882D24F-4463-4C89-8427-0369E6442587},707.068151749409
92613,9261,PIEDMONT PONDS,PERCOLATION POND,2136.32546056354,164,138,{3352D809-FBC9-4BB2-8331-90940E4F7514},225.877704250105
99061,0,CAPITOL PONDS,PERCOLATION POND,4194.68761446636,165,139,{E3367753-B6B7-42D6-8633-AE4A95265A87},355.903106306342
99061,0,CAPITOL PONDS,PERCOLATION POND,4134.26337257198,166,140,{CDDCBDDF-EE53-4922-A962-D045D13CA98B},363.904057107495
99061,0,CAPITOL PONDS,PERCOLATION POND,5887.6857845037,167,141,{BE4C93C9-9C87-412A-828E-3D36DD3B5E90},477.824668268883
99061,0,CAPITOL PONDS,PERCOLATION POND,10140.8145240839,168,142,{B03F9489-008F-4691-AEE5-EDB900BF0217},828.283578499949
99061,0,CAPITOL PONDS,PERCOLATION POND,7379.81717118637,169,143,{9F0155F6-C25B-43C2-B8A0-4B0F60BB2D57},659.452387186212
99061,0,CAPITOL PONDS,PERCOLATION POND,4155.98823576037,170,144,{35A2E185-F75F-4879-8E0F-0E9BEC7BFCD7},399.179522476303
99061,0,CAPITOL PONDS,PERCOLATION POND,3734.91883710344,171,145,{5E16C08D-7414-4F91-AD91-E3825CAD68EA},373.167422768523
99061,0,CAPITOL PONDS,PERCOLATION POND,7994.33926903107,172,146,{3644922E-3FBD-4431-8FE4-7709920AD700},701.901074549268
92971,9297,MADRONE PONDS,PERCOLATION POND,83792.1831447428,173,147,{B433DB4F-2F19-4FBE-A0FB-9118E36C583E},4462.71356584181
92610,9261,PENITENCIA (GROSS) PONDS,PERCOLATION POND,31055.8974702194,174,148,{C992F764-7A65-4CAD-8250-F12579F43A03},713.32781564613
92610,9261,PENITENCIA (GROSS) PONDS,PERCOLATION POND,15698.5386696042,175,149,{9FE29E3C-13EE-4481-AE12-F380257F5FA0},583.965356005257
92660,9266,FORD ROAD POND,PERCOLATION POND,159968.16295484,176,150,{9E2533A4-CA86-4908-8746-F3838EF90F3C},2033.23621070925
92440,9244,CHURCH AVENUE PONDS,PERCOLATION POND,384879.81514794,177,151,{D5D302D1-58E2-4D5B-8D63-16B9B8112CDC},4839.73749370927
92341,9234,MABURY POND,PERCOLATION POND,54843.1987241657,178,152,{B1FB515F-5DC8-4D7E-89EF-8D8868A31D8B},986.066341261551
99064,0,COUNTY PARK POND,PERCOLATION POND,83830.2565273406,179,153,{08383E1E-9F53-4998-A02C-42A03776C7B6},1333.41657231997
99063,0,CITY PARK POND,PERCOLATION POND,100928.778265023,180,154,{203AA952-AB23-4C42-A523-F1D4386F621E},1794.68086784609
99023,0,WILLIAMS RESERVOIR,LAKE,150741.90042128,181,155,{21607C32-AA73-4373-B2AB-68AEBA29F1EE},2517.58873926946
99017,0,SAN FELIPE LAKE,LAKE,4758171.90175304,182,156,{0846EF1F-0E5F-4F6A-8A43-683441DB6E03},12038.7311130665
99024,0,BORONDA LAKE,LAKE,349759.094395795,183,157,{B2749053-38B3-4002-9B2C-C675C947D565},4155.75897790417
99003,0,CHERRY FLAT RESERVOIR,LAKE,840380.918308098,184,158,{45516A0B-5D23-489B-AE17-0FAB92973AF6},6005.23935894621
99004,0,COTTONWOOD LAKE,LAKE,498652.104173818,185,159,{E0757812-C726-4E2F-8844-796588FFD6DE},3034.77120903803
99006,0,HALLS VALLEY LAKE,LAKE,1711207.03259942,186,160,{52E76668-B2C3-41F0-AA11-365C9ECE6ED4},7341.88313093574
99001,0,BULLHEAD RESERVOIR,LAKE,10304.2496343574,187,161,{0DE09FBF-C0A7-45AE-B7D9-F791CF588026},452.660383464464
99007,0,HOOVER LAKE,LAKE,107584.673774869,188,162,{1AD882C1-A3D6-40E5-BAC5-62E8D55660A8},2610.08954609612
99009,0,LAKE COUZZENS,LAKE,355775.990944584,189,163,{E9308732-FD81-471B-84D5-F87A4CC5ED9B},2256.71682705058
99012,0,LAKE KITTREDGE,LAKE,557287.743014579,190,164,{0CBDD436-723D-4F23-8BE6-DC03FF6DD5E5},2969.199269776
99013,0,LAKE RANCH RESERVOIR,LAKE,793314.771604248,191,165,{31B7E44E-88C5-442A-9774-71ED905C26A3},4745.94726692635
99014,0,MUD LAKE,LAKE,18800.2961409697,192,166,{90C64CE2-94B7-4D13-8032-D7880E9D4A1F},512.027934560268
99016,0,OAK SPRINGS RESERVOIR,LAKE,198456.188589736,193,167,{0607A078-36F9-4C03-B32A-338FF6B4613A},3396.71657717926
99021,0,SHAEIRN LAKE,LAKE,101163.465761078,194,168,{54AAE2A3-C9A3-432E-A5AB-18DDF91BF1D6},1601.87323399849
99022,0,TWIN LAKES,LAKE,52275.2695762029,195,169,{A1383679-0B58-4E5A-9F49-279236103CD5},909.399792899358
99022,0,TWIN LAKES,LAKE,79586.8145879442,196,170,{E4F06C5F-9B54-46F1-B94C-0D5E0A0AD889},1478.61247258595
92401,9240,ALMADEN LAKE,LAKE,1399150.10836177,197,171,{FB6B20CE-8397-4CB8-97F1-F729DEEE01DB},5979.92881956512
99026,0,SHORELINE LAKE,LAKE,2083673.60277106,198,172,{7AA794C8-587E-4CEA-84EC-F629AE10343A},7316.15989421147
99025,0,SANDY WOOL LAKE,LAKE,561034.34546376,199,173,{E3E81B99-6580-47DE-81C7-ED909AA24493},3481.46613727379
99027,0,LONE LAKE,LAKE,27959.1152140816,200,174,{BAEB88B4-6E63-4EF0-A8FA-11E89B2455D6},729.448795810522
99019,0,SAN LUIS RESERVOIR,LAKE,558026635.504918,201,175,{C78233BF-8324-4774-999D-331882410F92},306307.612841302
99015,0,O NEILL FOREBAY,LAKE,96309806.9286438,202,176,{C262C7FF-37A3-44A1-BBE3-79EC37177BEC},68978.2689169817
99019,0,SAN LUIS RESERVOIR,LAKE,5998769.16286386,203,177,{9156BE03-A67C-4BD1-972B-7359965E8147},23659.0600665448
99008,0,LAGUNITA LAKE,LAKE,458121.150844376,204,178,{7030256A-D0E0-4D45-A113-179F9B0A77C7},2645.0395232323
99010,0,LAKE CUNNINGHAM,LAKE,2164013.09865806,205,179,{ABEEA4CC-FEEC-4E30-A86C-55AAC2DFC53A},9860.41988729231
99020,0,SEARSVILLE LAKE,LAKE,776430.392811246,206,180,{CFF16729-6E42-405C-9202-70150DB36D40},6172.20882761765
91900,9190,LEXINGTON RESERVOIR,RESERVOIR,262784.092585286,207,181,{00357F26-70E1-4687-82EF-76629FB95080},2387.68813921268
91950,9195,PACHECO LAKE,RESERVOIR,6437109.1641896,208,182,{EABAA335-4E66-4F8E-83D7-6087857699F9},28623.6357742457
91910,9191,STEVENS CREEK RESERVOIR,RESERVOIR,3778763.23925862,209,183,{2BAF95A0-6B2E-45E6-9AF6-C86256143EFE},20332.9734609546
91930,9193,UVAS RESERVOIR,RESERVOIR,21476.9451720587,210,184,{6D8F7B2E-FB2C-47D0-878A-3F7BFFC41997},695.691712622385
91930,9193,UVAS RESERVOIR,RESERVOIR,765882.54053928,211,185,{B54D9F0C-F599-457B-84B7-AB4D539C1761},6442.48960483777
91930,9193,UVAS RESERVOIR,RESERVOIR,10437232.5344113,212,186,{A89D5695-42A8-4D4A-AD4E-F828A2464A21},33589.5057399164
91920,9192,VASONA RESERVOIR,RESERVOIR,2269185.22078704,213,187,{E99AD1C4-8B54-4911-AEF1-AC202DE68D78},10481.2110811666
91850,9185,ALMADEN RESERVOIR,RESERVOIR,2162636.57740477,214,188,{A0666F7A-5BD9-4A45-A5A8-8F2DDFD85893},15499.0243017955
91860,9186,ANDERSON RESERVOIR,RESERVOIR,41538451.8898098,215,189,{BBA0CD9E-9E4C-4171-A65B-3494E3B74503},101274.93248625
91870,9187,CALERO RESERVOIR,RESERVOIR,12675961.5401545,216,190,{716CED78-95D7-4D98-A722-42ABE1E5F5E3},38928.7017455376
91940,9194,CHESBRO RESERVOIR,RESERVOIR,8442790.54025563,217,191,{94515487-4F4B-4376-BF43-5D733636FB34},29339.733314606
91940,9194,CHESBRO RESERVOIR,RESERVOIR,165744.285797123,218,192,{036EC650-0866-4FCB-AAC9-1DBA3470E566},1851.65897777459
91880,9188,COYOTE RESERVOIR,RESERVOIR,19573950.8404005,219,193,{DDEE7B16-BE24-4212-83CE-6C99105127FE},42411.0964985854
99005,0,FELT LAKE,RESERVOIR,1848474.75095016,220,194,{B9B97A21-CC18-4629-B11E-C112BA71E78E},10167.5298284843
91890,9189,GUADALUPE RESERVOIR,RESERVOIR,2498564.01098328,221,195,{5CE8ECDB-E6CB-4AB3-8045-60FD6C1FAA4D},15356.608223153
99018,0,SAN FRANCISCO BAY,BAY,503100804.047948,222,196,{F47615E8-EECB-403B-8FC4-B4AC5AF0D9E3},876397.206455736
99002,0,CALAVERAS RESERVOIR,RESERVOIR,56712499.0238887,223,197,{8C4E8B25-EAB4-47A8-81F3-E33F1D69BCD1},80428.1475040015
99011,0,LAKE ELSMAN,RESERVOIR,3355132.95961877,224,198,{399BF9F9-1116-4478-88F2-74984A6F7642},20457.7012520034
91900,9190,LEXINGTON RESERVOIR,RESERVOIR,9643895.99279771,225,199,{FF54951B-C7BD-4721-BF36-9CE469023FED},34943.1921690089
99062,0,OGIER PONDS,LAKE,13130.5396623561,226,200,{C38FC880-9E56-4C3A-8B76-33F55DF7C391},515.429142321789
99062,0,OGIER PONDS,LAKE,19069.8123355617,227,201,{0756B821-1875-4D90-B2A9-52921E127532},1063.84023297478
99062,0,OGIER PONDS,LAKE,101055.263782311,228,202,{93B44448-7CCB-45C4-91EA-187EEF233B88},2018.27832011843
99062,0,OGIER PONDS,LAKE,801115.461950303,229,203,{37790F31-32DE-4C54-8092-8296AD2954A6},8662.79915910533
99062,0,OGIER PONDS,LAKE,205227.139939511,230,204,{65B37557-6B07-4F63-BDA6-87C9B6A72A36},2016.99772558242
99062,0,OGIER PONDS,LAKE,683497.636149758,231,205,{3F7A286A-DE00-41A7-85BB-8603D6A2B4E4},5283.87484373121
99062,0,OGIER PONDS,LAKE,3588967.69931076,232,206,{33268F12-BC9A-41EA-BE72-2D9A1CA65891},18899.7500916476
99062,0,OGIER PONDS,LAKE,272714.856843986,233,207,{E9745C54-035D-44A1-9E82-E0A5699D6914},2060.40224607863
99062,0,OGIER PONDS,LAKE,781310.762848583,234,208,{DE174583-99AC-4222-87DB-945253565036},6630.422223706
99062,0,OGIER PONDS,LAKE,71428.1174804717,235,209,{B5E965B2-0187-47CE-855F-1283EBA95586},2837.9642360792
99065,0,LAKE SILVEIRA,LAKE,416652.844112415,237,210,{935C83F7-8ECF-4F40-B8F7-326181528148},3093.99112229546
0,0,WATERBIRD POND,LAKE,866589.07105547,222,211,{B57161E1-7D18-4A6D-BC85-D2CD0A4B9428},3633.62787859148
92740,9274,SAN PEDRO PONDS,PERCOLATION POND,49181.5542537795,154,212,{83548C31-9750-4685-9E31-45D110CBB820},1758.17933833919
92740,9274,SAN PEDRO PONDS,PERCOLATION POND,44384.6559753997,151,213,{94CDB9E6-0C09-4C59-A6FD-56AB5A1F0DD6},1634.97682475101
92740,9274,SAN PEDRO PONDS,PERCOLATION POND,41919.975204932,152,214,{C9D51241-FDE8-442C-BBA2-65FF9F4AB2E5},1556.39842040413
92740,9274,SAN PEDRO PONDS,PERCOLATION POND,34967.7449046077,153,215,{CEB8539C-8701-476C-9A22-652F0C320A50},1278.54683056151
92740,9274,SAN PEDRO PONDS,PERCOLATION POND,58169.0695369229,150,216,{D2C9DC25-DF9E-4F42-A3C6-9BF43A459983},1868.9906730882
92740,9274,SAN PEDRO PONDS,PERCOLATION POND,56119.0987161711,149,217,{E1117DC8-D311-4B9B-BD81-2A8534E07AC9},1914.24571624273
